rainfall_bucket,n,rmse,mae,bias,qmape,smape,naive_mae,mase
Dry,880377,0.11451320488532,0.0756851338878205,0.0756851338878205,,200,0.0104640264455797,7.23288824635877
Light,133068,0.550916478254388,0.336782261174671,-0.252255626239481,1.00549860916171,165.932302871405,0.46108484943188,0.730412768039621
Moderate,21555,4.29402354071486,3.94677328568131,-3.94439375784815,0.974288384746261,189.511872769405,2.40458800645228,1.64135114834261
Heavy,1920,18.6487491284191,17.1690291610652,-17.1690291610652,0.991712875729399,196.692775234313,9.6125,1.78611486721095
