n_windows,mean_rmse,sd_rmse,median_rmse,min_rmse,max_rmse,mean_mae,mean_bias,mean_qmape,sd_qmape,median_qmape,mean_mase,sd_mase,median_mase,mean_peak90_rmse,mean_peak95_rmse,mean_peak99_rmse
8641,0.645915852757667,0.812527207728629,0.373863477251081,0.00176321686127386,4.20977363923412,0.22131276010575,-0.0818979709093659,97.3200025709057,565.588757294912,1.70364906128242,1.6970376548726,1.72012023901116,1.05326553909638,1.81385456684305,2.55849947062557,0.275075472903367
