season,n_windows,mean_rmse,sd_rmse,median_rmse,mean_mae,mean_bias,mean_qmape,mean_mase,mean_peak95_rmse
Calm,4367,0.465447305112953,0.42402815968856,0.348163587900937,0.19273862646382,-0.046882458396582,144.415295155577,1.4961285350066,1.77035433306692
Hurricane,4274,0.83031130141571,1.04111298968489,0.445642467796274,0.250508651920049,-0.117675402622826,49.9708270073409,1.90231845189058,3.36379423331124
