rainfall_bucket,n,rmse,mae,bias,qmape,smape,naive_mae,mase
Dry,880377,0.328835862114823,0.227233495455544,0.227233495455544,,200,0.152612871663934,1.48895367067027
Light,133068,0.537830287839175,0.37244132413259,-0.103517326400397,1.11196246531357,151.790808902937,0.468427437628446,0.79508861824616
Moderate,21555,4.14944999048754,3.77167763317738,-3.77143403163433,0.93106480738167,172.585593237877,3.95154502760906,0.954481755066698
Heavy,1920,18.5681357141363,17.0807511553347,-17.0807511553347,0.986613785145689,194.175722471247,16.893063572939,1.01111033422596
