n_windows,mean_rmse,sd_rmse,median_rmse,min_rmse,max_rmse,mean_mae,mean_bias,mean_qmape,sd_qmape,median_qmape,mean_smape,sd_smape,median_smape,mean_mase,sd_mase,median_mase,mean_peak90_rmse,mean_peak95_rmse,mean_peak99_rmse
8641,0.713074086808865,0.785394007463911,0.50790091815209,0.0750374636341901,4.20939898216981,0.350754849698841,0.0696177107868464,245.622762790847,1797.97426252171,2.69840241486027,193.232649778655,6.14802013469598,194.692767271967,2.69277761178272,2.1708192753469,1.72715471009257,1.79630851053785,2.50565814585333,0.353922596719292
