season,n_windows,mean_rmse,sd_rmse,median_rmse,mean_mae,mean_bias,mean_qmape,mean_smape,mean_mase,mean_peak90_rmse,mean_peak95_rmse,mean_peak99_rmse
Calm,4367,0.550741955410292,0.39017166599342,0.502316769761668,0.35301558705321,0.141287923081351,345.089430975825,192.83736239791,2.73877013706061,1.28075479250496,1.70157820521206,0.491820167004823
Hurricane,4274,0.878938480308528,1.0184601604487,0.531729445816365,0.348444919884491,-0.00361200776488586,145.61988615204,193.636538405636,2.64578431325944,2.32308040727385,3.3272344445853,0.187700120104842
