rainfall_bucket,n,rmse,mae,bias,smape,qmape,naive_mae,mase
Dry,880377,0.0906076754529536,0.0651693374459147,0.0651693374459147,200,,0.0104640264455797,6.22794082037553
Light,133068,0.576061890537671,0.335898158149538,-0.266067814859451,168.045720661806,1.00285902725788,0.46108484943188,0.72849532697379
Moderate,21555,4.31957789658515,3.97470547752001,-3.96684286838094,191.727136415264,0.9811836402117,2.40458800645228,1.65296735526194
Heavy,1920,18.6661018935013,17.1903740491349,-17.171945571568,197.221818303562,0.992945793451837,9.6125,1.78833540173055
