n_windows,mean_rmse,sd_rmse,median_rmse,min_rmse,max_rmse,mean_mae,mean_bias,mean_peak90_rmse,mean_peak95_rmse,mean_peak99_rmse,mean_smape,sd_smape,median_smape,mean_mase,sd_mase,median_mase
8641,0.643119801372735,0.817957044809087,0.375078870184479,0.0626429805917185,6.64710544273935,0.212891232345357,-0.0930707862906079,1.81994961182574,2.56924484416793,0.273526666037545,195.722189053735,3.61569727259282,196.707096321972,1.63207467330487,1.64593247953248,0.990435750411699
