season,n_windows,mean_rmse,sd_rmse,median_rmse,mean_mae,mean_bias,mean_peak95_rmse,mean_smape,mean_mase
Calm,4367,0.457562061568221,0.421376122544291,0.340856154540111,0.179544210587979,-0.0632053503915631,1.77772739427794,195.793985419907,1.39395899986831
Hurricane,4274,0.832715180344733,1.04893252741194,0.445799651714275,0.246963867819027,-0.123586078422365,3.37798529893382,195.648830436263,1.87537161899918
