rainfall_bucket,n,rmse,mae,bias,qmape,smape,naive_mae,mase
Dry,880275,0.067612354763248,0.0641075397570504,0.0641075397570504,,200,0.0104631821830422,6.12696392316961
Light,133051,0.567846765328311,0.335523480758952,-0.267169084312046,1.0017385323341,168.153756281928,0.461019687689232,0.727785579918931
Moderate,21555,4.3209404211414,3.97549113699624,-3.96673558578546,0.981377585707591,191.790732790054,2.40458800645228,1.6532940887706
Heavy,1919,18.6657253485556,17.188764225357,-17.188764225357,0.992768763403413,197.277660512198,9.60812923397603,1.78898137262502
