n_windows,mean_rmse,sd_rmse,median_rmse,min_rmse,max_rmse,mean_mae,mean_bias,mean_qmape,sd_qmape,median_qmape,mean_smape,sd_smape,median_smape,mean_mase,sd_mase,median_mase,mean_peak90_rmse,mean_peak95_rmse,mean_peak99_rmse
8640,0.642318512576358,0.815959622219401,0.375202565602181,0.0617486853241134,4.21057684909655,0.211951146995092,-0.0941387667604457,74.9603546270875,430.125974081835,1.65568767679368,195.737510130092,3.60528571530965,196.726823668793,1.62485161756483,1.6409200043268,0.985012676805238,1.81889258933934,2.56833864348525,0.273191741532143
