season,n_windows,mean_rmse,sd_rmse,median_rmse,mean_mae,mean_bias,mean_qmape,mean_smape,mean_mase,mean_peak90_rmse,mean_peak95_rmse,mean_peak99_rmse
Calm,4367,0.457286293008411,0.42169806581177,0.34089980057273,0.178711965905882,-0.0641358677323852,104.667759037144,195.802220073354,1.38750606607654,1.31603950418741,1.77779492031393,0.371689770561138
Hurricane,4273,0.831421181158908,1.04588589260095,0.445788017949509,0.245921543394947,-0.124801687438082,45.0854820058959,195.671376658941,1.86741843791338,2.33280773627556,3.37627321851197,0.154461684918814
