rainfall_bucket,n,rmse,mae,bias,qmape,smape,naive_mae,mase
Dry,880377,0.0648899529894854,0.064451766398747,0.064451766398747,,200,0.0104640264455797,6.15936577893239
Light,133068,0.489091828062226,0.301766058603081,-0.222843661558686,0.900954079823814,153.797205799944,0.46108484943188,0.654469690285636
Moderate,21555,4.048313039796,3.69492149763698,-3.69492149763698,0.912117022469287,165.583556394545,2.40458800645228,1.53661312778834
Heavy,1920,17.9027846514826,16.4477071354572,-16.4477071354572,0.950048065585977,179.877367171774,9.6125,1.71107486454692
