n_windows,mean_rmse,sd_rmse,median_rmse,min_rmse,max_rmse,mean_mae,mean_bias,mean_qmape,sd_qmape,median_qmape,mean_smape,sd_smape,median_smape,mean_mase,sd_mase,median_mase,mean_peak90_rmse,mean_peak95_rmse,mean_peak99_rmse
8641,0.607102405151349,0.774545173308123,0.344545747918632,0.0615899086426939,3.93536734605378,0.200710651944863,-0.0811394689957802,74.6394926190279,428.491624752806,1.5745203767612,193.318100417044,5.49905637109604,194.449561288186,1.53870281627436,1.52170061664788,0.953741335262181,1.71624639961928,2.42922128876784,0.258066381262763
