season,n_windows,mean_rmse,sd_rmse,median_rmse,mean_mae,mean_bias,mean_qmape,mean_smape,mean_mase,mean_peak90_rmse,mean_peak95_rmse,mean_peak99_rmse
Calm,4367,0.422844444730045,0.385119949919422,0.314151133691052,0.16779351999313,-0.0515573460623679,104.622196784157,193.338429702281,1.30267605451617,1.212325743351,1.64204093656602,0.3474668312364
Hurricane,4274,0.795369722221968,0.995661421461979,0.445433481813906,0.234344043436023,-0.111365283420256,44.4951566255154,193.297328777214,1.77986539666697,2.23113210526354,3.23353027287298,0.150302595618864
