rainfall_bucket,n,rmse,mae,bias,qmape,smape,mase
Dry,880377,0.21975337857556,0.0104640264455797,0.0104640264455797,,200,1
Light,133068,1.42113239962092,0.46108484943188,0.205828379020512,1.37661696667817,123.127292319219,1
Moderate,21555,3.63881935476668,2.40458800645228,-1.0477699246543,0.593589242454348,75.6620576228356,1
Heavy,1920,11.6695651161472,9.6125,-7.275,0.555234657039711,76.625217864671,1
