n_windows,mean_rmse,sd_rmse,median_rmse,min_rmse,max_rmse,mean_mae,mean_bias,mean_qmape,sd_qmape,median_qmape,mean_smape,sd_smape,median_smape,mean_mase,sd_mase,median_mase,mean_peak90_rmse,mean_peak95_rmse,mean_peak99_rmse
8641,0.533369242454343,0.736993994238962,0.262176924349726,0,3.46381113632531,0.135839622568145,4.70414532057455e-05,1.36668650384847,11.9674617357975,1.05659734064827,138.739212113092,30.3787623802253,138.417798951615,1.04066716181996,1.53333586166365,0.480971963955689,1.36638400241581,1.81497575953647,0.114345705262126
