season,n_windows,mean_rmse,sd_rmse,median_rmse,mean_mae,mean_bias,mean_qmape,mean_smape,mean_mase,mean_peak90_rmse,mean_peak95_rmse,mean_peak99_rmse
Calm,4367,0.278562204598116,0.278454642609313,0.220412714481123,0.0776830799770539,9.92251031309126e-05,0.961913053075236,129.366475832158,0.603313695722371,0.75364263383647,0.927645534719529,0.107624986693457
Hurricane,4274,0.793720747910167,0.940686354727309,0.430943927703941,0.195261621046222,-6.27768559238297e-06,1.77364202174175,148.164720226206,1.48753721012322,1.99245830203816,2.72161382499638,0.122446895753008
